key,de,en,es,fr,it,ru,zh-hans
%(from)s-%(to)s relationship,%(from)s-%(to)s-Beziehung,,Relación %(from)s-%(to)s,Relation %(from)s-%(to)s,Relazione %(from)s-%(to)s,Отношение %(from)s-%(to)s,关系 %(from)s-%(to)s
%(from)s-%(to)s relationships,%(from)s-%(to)s-Beziehungen,,Relaciones %(from)s-%(to)s,Relations %(from)s-%(to)s,Relazioni %(from)s-%(to)s,Отношения %(from)s-%(to)s,关系们 %(from)s-%(to)s
%(model)s instance with %(field)s %(value)r does not exist.,Ein %(model)s mit %(field)s %(value)r gibt's nicht!,,¡No existe un %(model)s con %(field)s %(value)r!,L'instance %(model)s avec %(field)s %(value)r n'existe pas !,L'istanza %(model)s con %(field)s %(value)r non esiste!,Экземпляр %(model)s с %(field)s %(value)r не существует.,%(model)s 实例与 %(field)s %(value)r 不存在。
%(model_name)s with this %(field_label)s already exists.,Ein %(model_name)s mit diesem %(field_label)s gibt's schon.,,¡Ya existe un %(model_name)s con este %(field_label)s!,Un %(model_name)s avec ce %(field_label)s existe déjà !,%(model_name)s con questo %(field_label)s esiste già!,%(model_name)s с этим %(field_label)s уже существует.,这个 %(model_name)s 的 %(field_label)s 已经存在了！
%(model_name)s with this %(field_labels)s already exists.,Ein %(model_name)s mit diesem %(field_labels)s gibt's schon!,,¡Ya existe un %(model_name)s con estos %(field_labels)s!,Un %(model_name)s avec ces %(field_labels)s existe déjà !,%(model_name)s con questo %(field_labels)s esiste già!,%(model_name)s с этими %(field_labels)s уже существует.,这个 %(model_name)s 的 %(field_labels)s 已经存在了！
%(truncated_text)s…,%(truncated_text)s…,,%(truncated_text)s…, %(truncated_text)s…,%(truncated_text)s…, %(truncated_text)s…, %(truncated_text)s…
%s GB,%s GB,,%s GB,%s Go,%s GB,%s ГБ,%s GB
%s KB,%s KB,,%s KB,%s Ko,%s KB,%s КБ,%s KB
%s MB,%s MB,,%s MB,%s Mo,%s MB,%s МБ,%s MB
%s PB,%s PB,,%s PB,%s Po,%s PB,%s ПБ,%s PB
%s TB,%s TB,,%s TB,%s To,%s TB,%s ТБ,%s TB
(Hidden field %(name)s) %(error)s,(Verstecktes Feld %(name)s) %(error)s,,(Campo oculto %(name)s) %(error)s,(Champ caché %(name)s) %(error)s,(Campo nascosto %(name)s) %(error)s,(Скрытое поле %(name)s) %(error)s,(隐藏字段 %(name)s) %(error)s
A JSON object,Ein JSON-Ding,,Un objeto JSON,Un objet JSON,Un oggetto JSON,Объект JSON,JSON 对象
A new activation code has been sent to your email address.,Ein neuer Aktivierungscode ist auf dem Weg zu deiner E-Mail!,A new activation code has been sent to your email address.,¡Un nuevo código de activación ha sido enviado a tu correo!,Un nouveau code d'activation a été envoyé à votre adresse e-mail.,Ti abbiamo mandato un nuovo codice segreto via email!,Новый код активации отправлен на вашу электронную почту.,新的激活码已发送到您的电子邮件地址。
A new activation link has been sent to your email address.,Ein neuer Aktivierungslink ist auf dem Weg zu deiner E-Mail!,,¡Un nuevo enlace de activación ha sido enviado a tu correo!,Un nouveau lien d'activation a été envoyé à votre adresse e-mail.,Ti abbiamo mandato un nuovo link magico via email!,Новый ссылка активации отправлена на вашу электронную почту.,新的激活链接已发送到您的电子邮件地址。
AM,Vormittags,,Mañana,Matin,MATT,Утро,上午
About,Über uns,,Acerca de,Nous concernant,Chi Siamo,О нас,关于我们
About StoneWalker,Alles über StoneWalker,,Todo sobre StoneWalker,Tout sur StoneWalker,Tutto su StoneWalker,Всё о StoneWalker,关于 StoneWalker
Activation code not found.,Aktivierungscode nicht gefunden.,We can't find that magic code. Double-check it!,Código de activación no encontrado.,Le code d'activation est introuvable.,Il codice segreto è sparito! Non lo troviamo da nessuna parte.,Код активации не найден.,未找到激活码。
Add New Stone,Neuen Stein hinzufügen,,Añadir nueva piedra,Ajouter une nouvelle pierre,Aggiungi Nuovo Sasso,Добавить новый камень,添加新石头
Add new stone,Neuen Stein hinzufügen,,Añadir nueva piedra,Ajouter une nouvelle pierre,Aggiungi nuovo sasso,Добавить новый камень,添加新石头
Already have an account?,Hast du schon einen Account?,Already have an account?,¿Ya tienes una cuenta?,Vous avez déjà un compte ?,Hai già un account?,Уже есть учётная запись?,已经有一个账号了？
April,April,,Abril,Avril,Aprile,Апрель,四月
Are you sure you want to log out?,Willst du wirklich ausloggen?,Are you sure you want to leave?,¿Seguro que quieres cerrar sesión?,Êtes-vous sûr de vouloir vous déconnecter ?,Sei sicuro di voler uscire?,Вы уверены  что хотите выйти?,你确定要退出吗？
Aug.,Aug.,,,Août,Ago.,Авг.,八月
August,August,,Agosto,Août,Agosto,Август,八月
Back,Zurück,,Atrás,Retour,Indietro,Назад,返回
Be kind and respectful to other community members!,Sei nett und fair zu allen anderen!,,¡Sé amable y respetuoso con los demás!,Soyez gentil et respectueux avec les autres !,Sii gentile e rispettoso con gli altri membri della comunità!,Будь добр и уважителен к другим!,对其他社区成员要友好和尊重！
Big (8 byte) integer,Riesige (8 Byte) Zahl,,Número entero grande (8 bytes),Grand entier (8 octets),Numero intero grande (8 byte),Большое целое число (8 байт),大整数 (8 字节)
Boolean (Either True or False),Ja oder Nein (True oder False),,Booleano (Verdadero o Falso),Booléen (Vrai ou Faux),Booleano (Vero o Falso),Булево (Истина или Ложь),布尔值（真或假）
"Boolean (Either True, False or None)","Ja, Nein oder Nix",,Booleano (Verdadero  Falso o Nada),Booléen (Vrai  Faux ou Rien),Booleano (Vero  Falso o Niente),Булево (Истина  Ложь или Ничего),布尔值（真、假或无）
CSRF verification failed. Request aborted.,,,,,Verifica CSRF fallita! Richiesta interrotta.,Проверка CSRF не удалась. Запрос прерван.,CSRF 验证失败。请求已中止。
Cancel,Abbrechen,Never Mind,Cancelar,Annuler,Annulla,Отмена,取消
Cancel and return home,Abbrechen und zurück zur Startseite,"Never mind, take me home!",Cancelar y volver al inicio,Annuler et retourner à l'accueil,Annulla e torna a casa,Отмена и возврат на главную,取消并返回首页
Change,Ändern,Change,Cambiar,Modifier,Cambia,Изменить,修改
Change email,E-Mail ändern,Change email,Cambiar el email,Changer l'e-mail,Cambia Email,Изменить почту,修改电子邮箱
Change language,Sprache wechseln,,Cambiar idioma,Changer de langue,Cambia Lingua,Изменить язык,改变语言
Change password,Passwort änder,,Cambiar contraseña,Changer de mot de passe,Cambia Password,Изменить пароль,修改密码
Change profile,Profil ändern,,Cambiar el perfil,Modifier le profil,Cambia Profilo,Изменить профиль,更改档案
Circle,Kreis,,Círculo,Cercle,Cerchio,Круг,圆形
Clear,Löschen,,Borrar,Effacer,Cancella,Очистить,清除
Click the \\,Klick auf \\,,Haz clic en \\,Cliquez sur \\,Clicca sul pulsante \\,Нажми на \\,点击 \\
Comma-separated integers,Zahlen mit Kommas dazwischen,,Números separados por comas,Entiers séparés par des virgules,Numeri interi separati da virgole,Целые числа  разделённые запятыми,逗号分隔的整数
Comment (optional),"Kommentar (kannst du, musst du aber nicht)",,Comentario (opcional),Commentaire (facultatif),Commento (facoltativo),Комментарий (не обязательно),评论（可选）
Community Guidelines:,Unsere Regeln:,,Guía de la comunidad :,Règles de la communauté :,Regole della Comunità:,Правила сообщества:,社区准则：
Confirm new password,Neues Passwort nochmal,Type Your Secret Code Again,Confirma la nueva contraseña,Confirmez le nouveau mot de passe,Ripeti la Nuova Password,Подтвердите новый пароль,确认新密码
Confirm this action:,"Bestätige, dass du das wirklich willsdt:",,Confirma esta acción :,Confirmez cette action :,Conferma questa azione:,Подтвердите это действие:,确认此操作：
"Connect, get help, or contribute","Verbinde dich, hol Hilfe oder mach mit!",,Conéctate  pide ayuda o participa!,Connectez-vous  obtenez de l'aide ou contribuez!,"Connettiti, chiedi aiuto o contribuisci anche tu!",Подключайся  получай помощь или вноси свой вклад,连接、获取帮助或贡献
Constraint \\,,,,,Il vincolo \\,Ограничение \\,约束 \\
Constraint "%(name)s" is violated.,Regel "%(name)s" wurde gebrochen!,,La regla "%(name)s" fue violada.,La contrainte "%(name)s" est violée.,,Ограничение "%(name)s" нарушено.,约束 "%(name)s" 被违反。
Create,Erstellen,Create,Crear,Créer,Crea,Создать,创建
Create New Stone,Neuen Stein basteln,,Crear nueva piedra,Créer une nouvelle pierre,Crea Nuovo Sasso,Создать новый камень,创建新石头
Create an account,Konto erstellen,Create an account,Crear una cuenta,Créer un compte,Crea il Tuo Account,Создать учётную запись,创建账号
Currently,Jetzt,,Ahora,Actuellement,Attualmente,Сейчас,当前
Date (with time),Datum (mit Uhrzeit),,Fecha (con hora),Date (avec heure),Data (con ora),Дата (с временем),日期（含时间）
Date (without time),Datum (ohne Uhrzeit),,Fecha (sin hora),Date (sans heure),Data (senza ora),Дата (без времени),日期（不含时间）
Date out of range,,,,,Data fuori range!,Дата вне диапазона,日期超出范围
Dec.,Dez.,,,Déc.,Dic.,Дек.,十二月
December,Dezember,,Diciembre,Décembre,Dicembre,Декабрь,十二月
Decimal number,Zahl mit Komma,,Número decimal,Nombre décimal,Numero decimale,Десятичное число,十进制数
Delete,Löschen,,Eliminar,Supprimer,Cancella,Удалить,删除
Description,Beschreibung,,Descripción,Description,Descrizione,Описание,描述
Did you know:,Wusstest du schon:,,¿Sabías que:,Saviez-vous que :,Lo sapevi che:,Знаешь ли ты:,你知道吗：
Directory indexes are not allowed here.,Verzeichnislisten sind hier nicht erlaubt!,,Los índices de directorios no están permitidos aquí.,Les index de répertoires ne sont pas autorisés ici.,Gli elenchi delle cartelle non sono permessi qui!,Индексы директорий здесь не разрешены.,此处不允许目录索引。
Distance traveled (max),Reiseweg (größt),,Distancia recorrida (máx.),Distance parcourue (max),Distanza percorsa (massima),Пройденное расстояние (макс.),最远旅行距离
Distance traveled (min),Reiseweg (kleinst),,Distancia recorrida (mín.),Distance parcourue (min),Distanza percorsa (minima),Пройденное расстояние (мин.),最短旅行距离
Django Community,Django-Gang,,Comunidad Django,Communauté Django,La Comunità Django,Сообщество Django,Django 社区
Django Documentation,Django-Doku,,Documentación de Django,Documentation Django,Guida di Django,Документация Django,Django 文档
Django administration,,,Administración de Django,Administration de Django,Amministrazione Django,Администрация Джанго,Django 管理
Don't have an account?,Noch kein Konto?,New here?,¿No tienes cuenta?,Vous n'avez pas de compte ?,Non hai ancora un account?,Нет учётной записи?,还没有账号？
Don't place stones in protected areas or private property!,Leg keine Steine in Naturschutzgebiete oder auf Privatgrund!,,¡No pongas piedras en áreas protegidas o propiedades privadas!,Ne placez pas de pierres dans des zones protégées ou privées !,,Не размещай камни в заповедниках или на частной территории!,不要在保护区或私人财产上放置石头！
Don\\\\,,,,,Non,Не,别
Duration,,,,,Durata,Продолжительность,持续时间
Edit Profile,Mein Profil pimpen,,Editar perfil,Modifier le profil,Modifica Profilo,Редактировать профиль,编辑个人资料
Email,E-Mail,Email Address,E-mail,E-mail,Email,Почта,电子邮箱
Email address,E-Mail-Adresse,,Correo electrónico,Adresse e-mail,Indirizzo email,Электронная почта,电子邮件地址
Email change cancelled and reverted.,E-Mail-Änderung abgebrochen und zurückgesetzt.,,Cambio de correo cancelado y revertido.,Changement d'e-mail annulé et rétabli.,Cambio email annullato! Tutto come prima.,Изменение почты отменено и возвращено.,电子邮件更改已取消并恢复。
Email or Username,E-Mail oder Benutzername,Email or Your Cool Name,Correo o Nombre de usuario,E-mail ou Nom d'utilisateur,Email o Nome Utente,Почта или имя пользователя,电子邮箱或用户名
Email successfully changed.,E-Mail erfolgreich gewechselt!,,El correo se cambió con éxito.,E-mail modifié avec succès.,Email cambiata con successo!,Почта успешно изменена.,电子邮箱地址修改成功。
Empty list and \\,,,,,Lista vuota e \\,Пустой список и \\,空列表和 \\
Empty list and "%(class_name)s.allow_empty" is False.,Die Liste ist leer und „%(class_name)s.allow_empty" ist False!,,La lista está vacía y "%(class_name)s.allow_empty" es Falso.,La liste est vide et "%(class_name)s.allow_empty" est Faux.,,Список пуст и "%(class_name)s.allow_empty" равно Ложь.,列表为空且 "%(class_name)s.allow_empty" 为假。
English,Englisch,,Inglés,Anglais,Inglese,Английский,英语
Ensure this value is %(limit_value)s (it is %(show_value)s).,,,,,Questo valore deve essere %(limit_value)s (invece è %(show_value)s)!,Убедись  что значение равно %(limit_value)s (сейчас оно %(show_value)s).,确保此值是 %(limit_value)s（当前是 %(show_value)s）。
Ensure this value is a multiple of step size %(limit_value)s.,Der Wert muss ein Vielfaches von %(limit_value)s sein!,,El valor debe ser múltiplo de %(limit_value)s.,La valeur doit être un multiple de %(limit_value)s.,Questo valore deve essere un multiplo di %(limit_value)s!,Значение должно быть кратно %(limit_value)s.,此值必须是 %(limit_value)s 的倍数。
Ensure this value is greater than or equal to %(limit_value)s.,Der Wert muss %(limit_value)s oder größer sein!,,El valor debe ser mayor o igual a %(limit_value)s.,La valeur doit être supérieure ou égale à %(limit_value)s.,Questo valore deve essere maggiore o uguale a %(limit_value)s!,Значение должно быть больше или равно %(limit_value)s.,此值必须大于或等于 %(limit_value)s。
Ensure this value is less than or equal to %(limit_value)s.,Der Wert muss %(limit_value)s oder kleiner sein!,,El valor debe ser menor o igual a %(limit_value)s.,La valeur doit être inférieure ou égale à %(limit_value)s.,Questo valore deve essere minore o uguale a %(limit_value)s!,Значение должно быть меньше или равно %(limit_value)s.,此值必须小于或等于 %(limit_value)s。
Enter a complete value.,Gib einen vollständigen Wert ein!,,Ingresa un valor completo.,Entrez une valeur complète.,Inserisci un valore completo!,Введи полное значение!,输入一个完整的值！
Enter a list of values.,Gib eine Liste mit Werten ein!,,Ingresa una lista de valores.,Entrez une liste de valeurs.,Inserisci una lista di valori!,Введи список значений!,输入一个值列表！
Enter a number.,,,,,Scrivi un numero!,Введи число!,输入一个数字！
Enter a valid IPv4 address.,Gib eine richtige IPv4-Adresse ein!,,Ingresa una dirección IPv4 válida.,Entrez une adresse IPv4 valide.,Inserisci un indirizzo IPv4 valido!,Введи правильный адрес IPv4!,输入一个有效的 IPv4 地址！
Enter a valid IPv4 or IPv6 address.,Gib eine richtige IPv4- oder IPv6-Adresse ein!,,Ingresa una dirección IPv4 o IPv6 válida.,Entrez une adresse IPv4 ou IPv6 valide.,Inserisci un indirizzo IPv4 o IPv6 che funzioni!,Введи правильный адрес IPv4 или IPv6!,输入一个有效的 IPv4 或 IPv6 地址！
Enter a valid IPv6 address.,Gib eine richtige IPv6-Adresse ein!,,Ingresa una dirección IPv6 válida.,Entrez une adresse IPv6 valide.,Inserisci un indirizzo IPv6 valido!,Введи правильный адрес IPv6!,输入一个有效的 IPv6 地址！
Enter a valid JSON.,Gib richtiges JSON ein!,,Ingresa un JSON válido.,Entrez un JSON valide.,Inserisci un JSON valido!,Введи правильный JSON!,输入一个有效的 JSON！
Enter a valid URL.,Gib eine richtige Webadresse ein!,,Ingresa una URL válida.,Entrez une URL valide.,Inserisci un URL che funziona davvero!,Введи правильный URL!,输入一个有效的 URL！
Enter a valid UUID.,Gib eine richtige UUID ein!,,Ingresa un UUID válido.,Entrez un UUID valide.,Inserisci un UUID valido!,Введи правильный UUID!,输入一个有效的 UUID！
Enter a valid date.,Gib ein richtiges Datum ein!,,Ingresa una fecha válida.,Entrez une date valide.,Inserisci una data corretta!,Введи правильную дату!,输入一个有效的日期！
Enter a valid date/time.,Gib ein richtiges Datum und Uhrzeit ein!,,Ingresa una fecha/hora válida.,Entrez une date/heure valide.,Inserisci una data e un orario corretti!,Введи правильную дату и время!,输入一个有效的日期/时间！
Enter a valid duration.,Gib eine richtige Dauer ein!,,Ingresa una duración válida.,Entrez une durée valide.,Inserisci una durata valida!,Введи правильную продолжительность!,输入一个有效的持续时间！
Enter a valid email address.,,,,,Inserisci un indirizzo email che esiste!,Введи правильный адрес электронной почты!,输入一个有效的电子邮件地址！
Enter a valid integer.,Gib eine richtige Zahl ein!,,Ingresa un número entero válido.,Entrez un entier valide.,Inserisci un numero intero)|^,Введи целое число!,输入一个有效的整数！
Enter a valid time.,Gib eine richtige Uhrzeit ein!,,Ingresa una hora válida.,Entrez une heure valide.,Inserisci un orario giusto!,Введи правильное время!,输入一个有效的时间！
Enter a valid value.,,,,,Inserisci un valore che funziona!,Введи правильное значение!,输入一个有效的值！
Enter a whole number.,Gib eine ganze Zahl ein!,,,Entrez un nombre entier.,"Scrivi un numero intero, dai!",Введи целое число!,输入一个整数！
Enter only digits separated by commas.,"Gib nur Zahlen ein, mit Kommas dazwischen!",,,Entrez uniquement des chiffres séparés par des virgules.,Scrivi solo numeri separati dalle virgole!,Вводи только цифры  разделённые запятыми!,只输入逗号分隔的数字！
Feb.,Feb.,,,Févr.,Feb.,Фев.,二月
February,Februar,,Febrero,Février,Febbraio,Февраль,二月
Field of type: %(field_type)s,Feld vom Typ: %(field_type)s,,Campo de tipo: %(field_type)s,Champ de type : %(field_type)s,Campo di tipo: %(field_type)s,Поле типа: %(field_type)s,字段类型：%(field_type)s
File,Datei,,Archivo,Fichier,File,Файл,文件
File path,Dateipfad,,Ruta del archivo,Chemin du fichier,Percorso del file,Путь к файлу,文件路径
First name,,,Nombre,Nom,Nome,Имя,名字
Floating point number,Zahl mit Komma,,Número de punto flotante,Nombre à virgule,Numero con la virgola,Число с плавающей точкой,浮点数
Forbidden,,,,,Vietato,Запрещено,禁止
Foreign Key (type determined by related field),Fremdschlüssel (Typ hängt vom verknüpften Feld ab),,Clave foránea (tipo determinado por el campo relacionado),Clé étrangère (type déterminé par le champ lié),Chiave esterna (tipo determinato dal campo collegato),Внешний ключ (тип определяется связанным полем),外键（类型由相关字段决定）
Forgot your password?,Passwort vergessen?,Can't remember your secret code?,¿Olvidaste tu contraseña?,Mot de passe oublié ?,Hai dimenticato la password?,Забыли пароль?,忘记密码了吗？
Forgot your username?,Benutzernamen vergessen?,Forgot your cool name?,¿Olvidaste tu nombre de usuario?,Nom d'utilisateur oublié ?,Hai dimenticato il nome utente?,Забыли имя пользователя?,忘记了你的用户名？
Forum,Plauderecke,,Foro,Forum,Forum,Форум,论坛
French,Französisch,,Francés,Français,Francese,Французский,法语
Fri,Fr,,,Vend.,Ven,Пт,星期五
Friday,Freitag,,Viernes,Vendredi,Venerdì,Пятница,星期五
German,Deutsch,,,,Tedesco,Немецкий,德语
Get started with Django,Leg los mit Django!,,Comienza con Django,Commencez avec Django,Inizia la tua avventura con Django!,Начни с Django!,开始使用 Django！
Glue the custom QR code on the back of the stone.,Klebe den speziellen QR-Code hinten auf den Stein.,,Pega el código QR especial en la parte trasera de la piedra.,Collez le code QR spécial à l'arrière de la pierre.,Incolla il codice QR speciale sul retro del sasso.,Приклей специальный QR-код на заднюю часть камня.,将定制的二维码粘在石头的背面。
"Hidden (no location, must be found by scanning)","Versteckt (kein Ort, muss gescannt werden)",,Oculto (sin ubicación  debe encontrarse escaneando),Caché (pas de position  doit être scanné),Nascosto (senza posizione  va trovato scansionando),Скрытый (без местоположения  должен быть найден сканированием),隐藏（无位置，需通过扫描找到）
Home,,,Inicio,Accueil,Casa,Главная,首页
How it works:,So geht's:,,Cómo funciona:,Comment ça marche :,Come funziona:,Как это работает:,它是如何工作的：
"Hunted (placed at a location, must be found at that spot)","Gejagt (an einem Ort, muss dort gefunden werden)",,Cazado (colocado en un lugar  debe encontrarse allí),Chassé (placé à un endroit  doit être trouvé là),Da Cacciare (messo in un posto preciso  va trovato lì),Охота (размещён в определённом месте  должен быть найден там),狩猎（放置在某个位置，必须在那里找到）
I found a stone,Ich hab einen Stein gefunden!,,¡Encontré una piedra!,J'ai trouvé une pierre !,,Я нашёл камень!,我找到了一块石头！
IP address,IP-Adresse,,Dirección IP,Adresse IP,Indirizzo IP,IP-адрес,IP 地址
IPv4 address,IPv4-Adresse,,Dirección IPv4,Adresse IPv4,Indirizzo IPv4,IPv4-адрес,IPv4 地址
Image,Bild,,Imagen,Image,Immagine,Изображение,图片
Index of %(directory)s,Inhalt von %(directory)s,,Índice de %(directory)s,Index de %(directory)s,Contenuto di %(directory)s,Индекс %(directory)s,目录 %(directory)s 的索引
Integer,Ganze Zahl,,Número entero,Entier,Numero intero,Целое число,整数
Invalid date string \\,,,,,Data non valida \\,Недействительная строка даты \\,无效的日期字符串 \\
Invalid date string "%(datestr)s" given format "%(format)s",Das Datum „%(datestr)s" passt nicht zum Format „%(format)s"!,,La fecha "%(datestr)s" no coincide con el formato "%(format)s".,La date "%(datestr)s" ne correspond pas au format "%(format)s".,,Недействительная строка даты "%(datestr)s" для формата "%(format)s".,日期字符串 "%(datestr)s" 与格式 "%(format)s" 不匹配。
Invalid page (%(page_number)s): %(message)s,Falsche Seite (%(page_number)s): %(message)s,,Página inválida (%(page_number)s): %(message)s,Page invalide (%(page_number)s) : %(message)s,Pagina sbagliata (%(page_number)s): %(message)s!,Недействительная страница (%(page_number)s): %(message)s,无效页面 (%(page_number)s)：%(message)s
Italian,,,,,Italiano,Итальянский,意大利语
Jan.,Jan.,,,Janv.,Gen.,Янв.,一月
January,Januar,,Enero,Janvier,Gennaio,Январь,一月
July,Juli,,Julio,Juillet,Luglio,Июль,七月
June,Juni,,Junio,Juin,Giugno,Июнь,六月
Last name,,,Apellido,Prénom,Cognome,Фамилия,姓
Latitude,Breitengrad,,Latitud,Latitude,Latitudine,Широта,纬度
Learn More,Mehr erfahren,,Saber más,En savoir plus,Scopri di Più,Узнать больше,了解更多
Log In,,,,,Entra,Вход,登录
Log in,Einloggen,Log in,Iniciar sesión,Se connecter,Entra,Вход,登录
Log in again,Nochmal einloggen,Come Back Soon!,Iniciar sesión nuevamente,Se reconnecter,Entra di Nuovo,Войти повторно,再次登录
Log out,Ausloggen,Log out,Cerrar sesión,Se déconnecter,Esci,Выйти,登出
Logged out,Ausgeloggt,See You Later!,Cerrar sesión,Déconnecté,Sei Uscito!,Выход,登出
Longitude,Längengrad,,Longitud,Longitude,Longitudine,Долгота,经度
MY INTERACTIONS,Meine Abenteuer,,MIS INTERACCIONES,MES INTERACTIONS,Le Mie INTERAZIONI,МОИ ВЗАИМОДЕЙСТВИЯ,我的互动
Many-to-many relationship,Viele-zu-viele-Beziehung,,Relación muchos a muchos,Relation plusieurs à plusieurs,Relazione molti-a-molti,Отношение многие ко многим,多对多关系
March,März,,Marzo,Mars,Marzo,Март,三月
Marker Color,Marker-Farbe,,Color del marcador,Couleur du marqueur,Colore del Marcatore,Цвет маркера,标记颜色
Marker Shape,Marker-Form,,Forma del marcador,Forme du marqueur,Forma del Marcatore,Форма маркера,标记形状
May,Mai,,Mayo,Mai,Maggio,Май,五月
Messages,,,,,Messaggi,Сообщения,消息
Mon,Mo,,,Lun.,Lun,Пн,星期一
Monday,Montag,,Lunes,Lundi,Lunedì,Понедельник,星期一
More information is available with DEBUG=True.,,,,,Più informazioni sono disponibili con DEBUG=True!,Больше информации доступно с DEBUG=True.,更多信息在 DEBUG=True 时可用。
My CREATIONS,Meine Kunstwerke,,MIS CREACIONES,MES CRÉATIONS,Le Mie CREAZIONI,МОИ ТВОРЕНИЯ,我的创作
My Stones,Meine Steine,,Mis piedras,Mes pierres,I Miei Sassi,Мои камни,我的石头
New password,Neues Passwort,New Secret Code,Nueva contraseña,Nouveau mot de passe,Nuova Password Segreta,Новый пароль,新密码
Next,Weiter,Next,Siguiente,Suivant,Avanti,Дальше,下一步
Next page,Nächste Seite,,Página siguiente,Page suivante,Pagina successiva,Следующая страница,下一页
No,Nein,,No,Non,No,Нет,否
No %(verbose_name)s found matching the query,"Kein %(verbose_name)s gefunden, das passt!",,No se encontró %(verbose_name)s que coincida.,Aucun %(verbose_name)s correspondant trouvé.,Nessun %(verbose_name)s trovato per la tua ricerca!,Не найдено %(verbose_name)s  соответствующего запросу.,没有找到匹配的 %(verbose_name)s。
No %(verbose_name_plural)s available,Keine %(verbose_name_plural)s da!,,No hay %(verbose_name_plural)s disponibles.,Aucun %(verbose_name_plural)s disponible.,Nessun %(verbose_name_plural)s disponibile!,Нет доступных %(verbose_name_plural)s.,没有可用的 %(verbose_name_plural)s。
No day specified,Kein Tag angegeben!,,No se especificó un día.,Aucun jour spécifié.,,Не указан день.,未指定日期。
No file was submitted.,Du hast keine Datei hochgeladen!,,No se envió ningún archivo.,Aucun fichier soumis.,Nessun file caricato!,Файл не отправлен.,没有提交文件。
No file was submitted. Check the encoding type on the form.,Keine Datei hochgeladen! Überprüf den Codierungstyp im Formular.,,No se envió ningún archivo. Revisa el tipo de codificación del formulario.,Aucun fichier soumis. Vérifiez le type d'encodage du formulaire.,Nessun file caricato! Controlla le impostazioni del modulo.,Файл не отправлен. Проверь тип кодировки формы.,没有提交文件。请检查表单的编码类型。
No month specified,Kein Monat angegeben!,,No se especificó un mes.,Aucun mois spécifié.,Nessun mese specificato!,Не указан месяц.,未指定月份。
No pending email change to cancel.,Keine E-Mail-Änderung zum Abbrechen da.,,No hay cambio de correo para cancelar.,Aucun changement d'e-mail à annuler.,Non c'è nessun cambio email da annullare!,Нет изменений почты для отмены.,没有待取消的电子邮件更改。
No pending email confirmation to resend.,Keine E-Mail-Bestätigung zum erneuten Senden da.,,No hay confirmación de correo para reenviar.,Aucune confirmation d'e-mail à renvoyer.,Non c'è nessuna email da confermare!,Нет подтверждения почты для повторной отправки.,没有待重新发送的电子邮件确认。
No week specified,Keine Woche angegeben!,,No se especificó una semana.,Aucune semaine spécifiée.,Nessuna settimana specificata!,Не указана неделя.,未指定周。
No year specified,Kein Jahr angegeben!,,No se especificó un año.,Aucune année spécifiée.,Nessun anno specificato!,Не указан год.,未指定年份。
Nov.,Nov.,,,Nov.,Nov.,Нояб.,十一月
November,November,,Noviembre,Novembre,Novembre,Ноябрь,十一月
Null characters are not allowed.,Nichts-Zeichen sind verboten!,,No se permiten caracteres nulos.,Les caractères nuls ne sont pas autorisés.,I caratteri null non sono permessi!,Нулевые символы не разрешены.,不允许空字符。
Number of moves (max),Anzahl der Reisen (größt),,Número de movimientos (máx.),Nombre de mouvements (max),Numero di spostamenti (massimo),Максимальное количество перемещений,最大移动次数
Number of moves (min),Anzahl der Reisen (kleinst),,Número de movimientos (mín.),Nombre de mouvements (min),Numero di spostamenti (minimo),Минимальное количество перемещений,最小移动次数
Oct.,Okt.,,,Oct.,Ott.,Окт.,十月
October,Oktober,,Octubre,Octobre,Ottobre,Октябрь,十月
Oldest,Ältesten,,Más antiguo,Le plus ancien,Più Vecchio,Самый старый,最早的
One-to-one relationship,Eins-zu-eins-Beziehung,,Relación uno a uno,Relation un à un,Relazione uno-a-uno,Отношение один к одному,一对一关系
Order,Reihenfolge,,Orden,Ordre,Ordine,Порядок,顺序
PM,Nachmittags,,Tarde,Après-midi,POM,Вечер,下午
Page is not \\,,,,,La pagina non è \\,Страница не \\,页面不是 \\
Password,Passwort,Secret Code,Contraseña,Mot de passe,Password Segreta,Пароль,密码
Passwords do not match.,Die Passwörter passen nicht zusammen!,Your secret codes don't match! Make sure you type the same thing twice.,¡Las contraseñas no coinciden!,Les mots de passe ne correspondent pas !,Le due password non sono uguali! Controlla bene!,Пароли не совпадают!,密码不匹配！
Photo (optional),"Foto (kannst du, musst du aber nicht)",,Foto (opcional),Photo (facultatif),Foto (facoltativa),Фото (не обязательно),照片（可选）
Pick up a brush and paint a stone.,Schnapp dir einen Pinsel und bemal einen Stein!,,¡Toma un pincel y pinta una piedra!,Prenez un pinceau et peignez une pierre.,Prendi un pennello e dipingi un sasso!,Возьми кисть и раскрась камень!,拿起画笔，给石头涂上颜色！
Picture,Bild,,Foto,Photo,Foto,Фотография,图片
"Please correct the duplicate data for %(field)s, which must be unique.",,,,,"Correggi i dati duplicati per %(field)s, che deve essere unico!",Исправь дублирующиеся данные для %(field)s  они должны быть уникальными!,请更正 %(field)s 的重复数据，它必须是唯一的！
Please correct the duplicate data for %(field)s.,Bitte korrigier die doppelten Daten für %(field)s!,,Corrige los datos duplicados para %(field)s.,Corrigez les données dupliquées pour %(field)s.,Correggi i dati duplicati per %(field)s!,Исправь дублирующиеся данные для %(field)s!,请更正 %(field)s 的重复数据！
Please correct the duplicate values below.,Bitte korrigier die doppelten Werte unten!,,Corrige los valores duplicados a continuación.,Corrigez les valeurs dupliquées ci-dessous.,Correggi i valori duplicati qui sotto!,Исправь дублирующиеся значения ниже!,请更正下面的重复值！
"Please either submit a file or check the clear checkbox, not both.",,,,,"Carica un file OPPURE spunta la casella per cancellare, non entrambi!",Отправь файл или отметь галочку очистки  но не оба!,请提交文件或勾选清除复选框，不能两者都选！
Please enter another email.,"Hey, probier mal 'ne andere E-Mail-Adresse!",Try a different email address!,"Por favor, introduce otro email.",Veuillez entrer une autre adresse e-mail.,"Per favore, metti un'altra email!","Пожалуйста, введите другую почту.",请输入一个新的电子邮箱。
"Please, go to the following page and choose a new password:",Geh auf diese Seite und such dir ein neues Passwort aus:,Click here and pick a brand new secret code:,"Por favor, ve a la siguiente página y elige una nueva contraseña:",Veuillez vous rendre sur la page suivante pour changer le mot de passe:,Vai a questa pagina e scegli una nuova password super sicura:,"Пожалуйста, перейдите на указанную страницу и выберите новый пароль:",请转到以下页面并选择一个新密码：
Positive big integer,Große positive Zahl,,Número entero grande positivo,Grand entier positif,Numero intero grande positivo,Большое положительное целое число,大的正整数
Positive integer,Positive Zahl,,Número entero positivo,Entier positif,Numero intero positivo,Положительное целое число,正整数
Positive small integer,Kleine positive Zahl,,Número entero pequeño positivo,Petit entier positif,Numero intero piccolo positivo,Малое положительное целое число,小的正整数
Previous,Zurück,,Anterior,Précédent,Indietro,Предыдущий,上一页
Previous page,Vorige Seite,,Página anterior,Page précédente,Pagina precedente,Предыдущая страница,上一页
Profile activation,Profil aktivieren,Profile activation,Activación de perfil,Activation de profil,Attivazione del Profilo,Активация профиля,简档激活
Profile data has been successfully updated.,,,Los datos del perfil se han actualizado correctamente.,Votre profil a été modifié avec succès.,Il tuo profilo è stato aggiornato alla grande!,Данные профиля были успешно обновлены.,个人信息数据已成功更新。
Profile picture,Dein Profilbild,Your Awesome Picture,Foto de perfil,Photo de profil,La Tua Foto,Фотография профиля,头像
Raw binary data,Rohe Binärdaten,,Datos binarios crudos,Données binaires brutes,Dati binari grezzi,Сырые бинарные данные,原始二进制数据
Read more about this discovery →,Mehr über diesen Fund lesen →,,Lee más sobre este descubrimiento →,En savoir plus sur cette découverte →,Leggi di più su questa scoperta fantastica →,Узнать больше об этом открытии →,了解更多关于这个发现的信息 →
Remember me,Angemeldet bleiben,Don't forget me!,Recordarme,Se souvenir de moi,Ricordati di me!,Запомнить меня,记住我
Remind a username,Benutzernamen erinnern,Help Me Remember My Name,Recordar un nombre de usuario,Rappeler un nom d'utilisateur,Ricordami il Nome Utente,Напомнить имя пользователя,提醒用户名
Required. Enter an existing email address.,Erforderlich. Geben Sie eine bestehende E-Mail-Adresse ein.,We need your real email address here!,Requerido. Introduce una dirección de email existente.,Requis. Entrez une adresse e-mail existante.,Serve un'email che esiste davvero!,Обязательно. Введите существующий адрес электронной почты.,需要。输入现有的电子邮件地址。
Resend an activation code,Neuen Aktivierungscode schicken,Resend an activation code,Reenviar un código de activación,Renvoyer un code d'activation,Rimanda il Codice Segreto,Повторно отправить код активации,重新发送激活码
Restore password,Passwort zurücksetzen,Restore password,Restablecer contraseña,Réinitialiser le mot de passe,Recupera la Password,Восстановить пароль,恢复密码
Return to StoneWalker Home,Zurück zur StoneWalker-Startseite,Go Back to Stone Adventures,Volver a la página de StoneWalker,Retour à l'accueil de StoneWalker,Torna alla Casa di StoneWalker,Вернуться на главную StoneWalker,返回 StoneWalker 首页
Russian,Russisch,,Ruso,Russe,Russo,Русский,俄语
Sat,Sa,,,Sam.,Sab,Сб,星期六
Saturday,Samstag,,Sábado,Samedi,Sabato,Суббота,星期六
Save,Speichern,,Guardar,Sauvegarder,Salva,Сохранить,保存
Save profile,Profil speichern,Save My Awesome Profile,Guardar perfil,Sauvegarder le profil,Salva il Profilo,Сохранить профиль,保存个人资料
Say something about your stone (max 500 chars),Erzähl was über deinen Stein (max. 500 Zeichen),,Di algo sobre tu piedra (máx. 500 caracteres),Dites quelque chose sur votre pierre (max. 500 caractères),Racconta qualcosa del tuo sasso (massimo 500 caratteri),Расскажи о своём камне (макс. 500 символов),说说你的石头（最多 500 个字符）
Scan Stone,Stein scannen,,Escanear piedra,Scanner une pierre,Scansiona Sasso,Сканировать камень,扫描石头
Scan a Stone,Stein scannen,,Escanear una piedra,Scanner une pierre,Scansiona un Sasso,Сканировать камень,扫描一块石头
Select a valid choice. %(value)s is not one of the available choices.,,,,,Scegli un'opzione valida! %(value)s non è tra le scelte disponibili.,Выбери правильный вариант! %(value)s не входит в доступные варианты.,选择一个有效的选项！%(value)s 不在可用选项中。
Select a valid choice. That choice is not one of the available choices.,,,,,Scegli un'opzione valida! Quella scelta non è tra quelle disponibili.,Выбери правильный вариант! Этот выбор не входит в доступные варианты.,选择一个有效的选项！该选项不在可用选项中。
Select the language,Select the language,,Seleccionar el idioma,Sélectionner la langue,Scegli la lingua,Выбрать язык,选择语言
Select your preferred language,Wähl deine Lieblingssprache!,,Selecciona tu idioma favorito,Choisissez votre langue préférée,Scegli la tua lingua preferita,Выбери свой любимый язык!,选择你喜欢的语言！
Sept.,Sept.,,,Sept.,Sett.,Сент.,九月
September,September,,Septiembre,Septembre,Settembre,Сентябрь,九月
Set it free and watch it travel the world.,"Lass ihn los und schau, wie er die Welt bereist!",,¡Déjalo libre y mira cómo viaja por el mundo!,Libérez-le et regardez-le voyager à travers le monde !,Liberalo e guardalo viaggiare per il mondo!,Отпусти его и смотри  как он путешествует по миру!,放手让它去环游世界！
Shop,Shoppen,,Tienda,Boutique,Negozio,Магазин,商店
Sign up,Anmelden,Sign up,Regístrate,Inscrivez-vous,Registrati,Зарегистрироваться,注册
Simplified Chinese,Chinesisch (einfach),,Chino simplificado,Chinois simplifié,Cinese Semplificato,Китайский (упрощённый),简体中文
Site Maps,,,,,Mappe del Sito,Карта сайта,网站地图
Slug (up to %(max_length)s),Slug (bis zu %(max_length)s Zeichen),,Slug (hasta %(max_length)s caracteres),Slug (jusqu'à %(max_length)s caractères),Slug (fino a %(max_length)s caratteri),Слаг (до %(max_length)s символов),短链接（最多 %(max_length)s 个字符）
Small integer,Kleine Zahl,,Número entero pequeño,Petit entier,Numero intero piccolo,Малое целое число,小的整数
Sort by:,Sortieren nach:,,Ordenar por:,Trier par :,Ordina per:,Сортировать по:,排序方式：
Spanish,Spanisch,,Española,Espagnol,Spagnolo,Испанский,西班牙语
Square,Quadrat,,Cuadrado,Carré,Quadrato,Квадрат,方形
Star,Stern,,Estrella,Étoile,Stella,Звезда,星星
Start Exploring,"Los, erkunde!",,¡Empieza a explorar!,Commencez à explorer !,Inizia ad Esplorare,Начни исследовать!,开始探索！
Start Your Journey,Starte dein Abenteuer!,,¡Comienza tu aventura!,Commencez votre aventure !,Inizia la Tua Avventura,Начни своё приключение!,开始你的冒险！
Static Files,,,,,File Statici,Статические файлы,静态文件
Stone Name,Stein-Name,,Nombre de la piedra,Nom de la pierre,Nome del Sasso,Имя камня,石头名字
Stone Type,Stein-Art,,Tipo de piedra,Type de pierre,Tipo di Sasso,Тип камня,石头类型
String (unlimited),Text (ohne Limit),,Texto (sin límite),Texte (illimité),Testo (senza limiti),Строка (без ограничений),字符串（无限制）
String (up to %(max_length)s),Text (bis zu %(max_length)s Zeichen),,Texto (hasta %(max_length)s caracteres),Texte (jusqu'à %(max_length)s caractères),Testo (fino a %(max_length)s caratteri),Строка (до %(max_length)s символов),字符串（最多 %(max_length)s 个字符）
Submit Scan,Scan abschicken,,Enviar escaneo,Envoyer le scan,Invia Scansione,Отправить сканирование,提交扫描
Sun,So,,,Dim.,Dom,Вс,星期日
Sunday,Sonntag,,Domingo,Dimanche,Domenica,Воскресенье,星期日
Syndication,,,,,Syndication,联合供稿,联合供稿
Tell us about your stone adventure...,Erzähl uns von deinem Stein-Abenteuer...,,Cuéntanos sobre tu aventura con la piedra...,Racontez-nous votre aventure avec la pierre...,Raccontaci della tua avventura con il sasso...,Расскажи о своём приключении с камнем...,告诉我们你的石头冒险故事……
Text,Text,,Texto,Texte,Testo,Текст,文本
Thanks for spending some quality time with StoneWalker today!,"Danke, dass du heute mit StoneWalker gespielt hast!",Thanks for going on awesome stone adventures with us today!,¡Gracias por pasar un rato genial con StoneWalker hoy!,Merci d'avoir passé un super moment avec StoneWalker aujourd'hui !,Grazie per aver passato del tempo fantastico con StoneWalker oggi!,Спасибо за весёлое время с StoneWalker сегодня!,感谢你今天与 StoneWalker 度过的美好时光！
That page contains no results,,,,,Questa pagina è vuota come una scatola senza biscotti!,Эта страница пуста  как коробка без печенья!,这个页面空空的，像没有饼干的盒子！
That page number is less than 1,,,,,Quel numero di pagina è troppo piccolo!,Номер страницы меньше 1!,页面编号小于 1！
That page number is not an integer,,,,,Quel numero di pagina non è un numero intero!,Номер страницы не является целым числом!,页面编号不是整数！
The StoneWalker forum is coming soon. Stay tuned!,Die StoneWalker-Plauderecke kommt bald – bleib dran!,,¡El foro de StoneWalker llega pronto! ¡Mantente al tanto!,Le forum StoneWalker arrive bientôt. Restez à l'écoute !,Il forum di StoneWalker arriva presto! Resta sintonizzato!,Форум StoneWalker скоро появится. Следи за новостями!,StoneWalker 论坛即将推出，敬请期待！
The StoneWalker shop is coming soon. Stay tuned!,Der StoneWalker-Shop kommt bald – freu dich drauf!,,¡La tienda de StoneWalker llega pronto! ¡Mantente al tanto!,La boutique StoneWalker arrive bientôt. Restez à l'écoute !,Il negozio di StoneWalker arriva presto! Resta sintonizzato!,Магазин StoneWalker скоро появится. Следи за новостями!,StoneWalker 商店即将推出，敬请期待！
The inline value did not match the parent instance.,Der Wert passt nicht zum Hauptwert!,,El valor no coincide con la instancia principal.,La valeur en ligne ne correspond pas à l'instance principale.,Il valore inline non corrisponde all'istanza principale!,Встроенное значение не соответствует родительскому экземпляру.,内联值与父实例不匹配。
The install worked successfully! Congratulations!,"Die Installation hat geklappt! Juhu, super gemacht!",,¡La instalación funcionó con éxito! ¡Felicidades!,L'installation a réussi ! Félicitations !,L'installazione è andata benissimo! Complimenti!,Установка прошла успешно! Поздравляем!,安装成功！恭喜！
The number of days must be between {min_days} and {max_days}.,Die Tage müssen zwischen {min_days} und {max_days} liegen!,,El número de días debe estar entre {min_days} y {max_days}.,Le nombre de jours doit être entre {min_days} et {max_days}.,Il numero di giorni deve essere tra {min_days} e {max_days}!,Количество дней должно быть от {min_days} до {max_days}.,天数必须在 {min_days} 和 {max_days} 之间。
The submitted file is empty.,Die hochgeladene Datei ist leer!,,El archivo enviado está vacío.,Le fichier soumis est vide.,Il file che hai caricato è vuoto!,Отправленный файл пуст!,提交的文件是空的！
This account has already been activated.,Dieses Konto wurde bereits aktiviert.,Good news! Your account is already ready to go!,Esta cuenta ya ha sido activada.,Ce compte est déjà activé.,Il tuo account è già sveglio e pronto!,Эта учётная запись уже активирована.,该帐户已被激活。
This account is not active.,Dieses Konto ist nicht aktiv.,Your account is sleeping! Check your email to wake-make it up.,Esta cuenta no está activa.,Ce compte n'est pas actif.,Questo account sta dormendo! Devi attivarlo prima.,Эта учётная запись не активна.,此帐户未激活。
This email address is already in use by another account.,"Hoppla, diese E-Mail-Adresse benutzt schon jemand anders.",Someone else is already using that email. Pick a different one!,Este correo ya está en uso por otra cuenta.,Cette adresse e-mail est déjà utilisée par un autre compte.,Un altro esploratore di sassi sta già usando questa email!,Этот адрес электронной почты уже используется другой учётной записью.,这个电子邮件地址已被另一个账户使用。
This field cannot be blank.,Dieses Feld darf nicht leer sein.,,Este campo no puede estar vacío.,Ce champ ne peut pas être vide.,Questo campo deve essere riempito!,Это поле не может быть пустым.,此字段不能为空。
This field cannot be null.,Dieses Feld darf nicht leer sein.,,Este campo no puede ser nulo.,Ce champ ne peut pas être nul.,Questo campo non può essere vuoto!,Это поле не может быть пустым.,此字段不能为null。
This field is required.,Dieses Feld musst du ausfüllen!,,Este campo es obligatorio.,Ce champ est requis.,"Ehi, questo campo è obbligatorio!",Это поле обязательно!,此字段是必填的！
This is not a valid IPv6 address.,Das ist keine richtige IPv6-Adresse!,,No es una dirección IPv6 válida.,Ce n'est pas une adresse IPv6 valide.,Questo non è un indirizzo IPv6 valido!,Это не действительный адрес IPv6!,这不是一个有效的 IPv6 地址！
This username is already taken.,Dieser Benutzername ist bereits vergeben.,Someone beat you to that name! Pick another awesome one.,Este nombre de usuario ya está en uso.,Ce nom d'utilisateur est déjà pris.,Qualcun altro ha già preso questo nome! Scegli qualcosa di più originale!,Это имя пользователя уже занято.,这个用户名已经被占用。
Thu,Do,,,Jeu.,Gio,Чт,星期四
Thursday,Donnerstag,,Jueves,Jeudi,Giovedì,Четверг,星期四
Time,Uhrzeit,,Hora,Heure,Ora,Время,时间
"To activate your profile, please follow this link:","Klick auf den Link, um dein Profil zu aktivieren:",Click this magic link to activate your account:,"Para activar tu perfil, por favor sigue este enlace:","Pour activer votre profil, veuillez suivre ce lien :","Per svegliare il tuo profilo, clicca su questo link magico:","Для активации вашего профиля, перейдите по этой ссылке:",若要激活你的账号，请访问以下链接：
"To change your current email address, please follow the link:","Klick hier, um deine E-Mail-Adresse zu ändern:",Click here to change your email address:,"Para cambiar tu dirección de correo actual, por favor sigue el enlace:","Pour changer votre adresse e-mail actuelle, veuillez suivre ce lien :","Per cambiare la tua email, segui questo link speciale:",,要更改您当前的电子邮件地址，请点击以下链接：
"To complete the change of email address, click on the link sent to it.","Klick auf den Link in der E-Mail, um die neue Adresse zu bestätigen!",,"Para completar el cambio de correo, haz clic en el enlace enviado.","Pour finaliser le changement d'e-mail, cliquez sur le lien envoyé.","Per finire di cambiare l'email, clicca sul link che ti abbiamo mandato!",,要完成电子邮件地址的更改，请点击发送给它的链接。
"Topics, references, &amp; how-to's","Themen, Infos und Anleitungen",,,,"Argomenti, riferimenti e istruzioni!",Темы  ссылки и инструкции!,主题、参考和指南
Track the journey of painted stones around the world,Verfolge die Reise bemalter Steine um die Welt,,Sigue el viaje de las piedras pintadas por el mundo,Suivez le voyage des pierres peintes à travers le monde,Segui il viaggio dei sassi dipinti in tutto il mondo,Отслеживай путешествие раскрашенных камней по миру,追踪彩绘石头在世界各地的旅程
Triangle,Dreieck,,Triángulo,Triangle,Triangolo,Треугольник,三角形
Tue,Di,,,Mar.,Mar,Вт,星期二
Tuesday,Dienstag,,Martes,Mardi,Martedì,Вторник,星期二
Tutorial: A Polling App,Anleitung: Eine Umfrage-App,,Tutorial: Una aplicación de encuestas,Tutoriel : Une application de sondage,Tutorial: Un'App per Votazioni,Руководство: Приложение для голосования,教程：投票应用
URL,Webadresse,,URL,URL,URL,URL,URL
Universally unique identifier,Einzigartige ID,,Identificador único universal,Identifiant unique universel,Identificatore universalmente unico,Универсальный уникальный идентификатор,全球唯一标识符
Unknown,Unbekannt,,Desconocido,Inconnu,Sconosciuto,Неизвестно,未知
"Use non-toxic, weather-resistant paint, like acrylic.","Nutze ungiftige, wetterfeste Farbe, wie Acryl!",,,Utilisez une peinture non toxique et résistante aux intempéries comme l'acrylique.,"Usa colori non tossici e resistenti al tempo, come quelli acrilici.",Используй нетоксичную  устойчивую к погоде краску  например акриловую.,使用无毒、耐候的颜料，如丙烯酸颜料。
Username,Benutzername,Your Cool Name,Nombre de usuario,Nom d'utilisateur,Nome Utente,Имя пользователя,用户名
Username cannot be empty.,Benutzername darf nicht leer sein.,You gotta pick a name! It can't be empty.,El nombre de usuario no puede estar vacío.,Le nom d'utilisateur ne peut pas être vide.,Il nome utente non può essere vuoto! Scrivi qualcosa di figo!,Имя пользователя не может быть пустым.,用户名不能为空。
Username cannot contain whitespace.,Benutzername darf keine Leerzeichen enthalten.,"No spaces in your name, please! Make it one cool word.",El nombre de usuario no puede contener espacios.,Le nom d'utilisateur ne peut pas contenir d'espaces.,Il nome utente non può avere spazi. Tutto attaccato!,Имя пользователя не может содержать пробелы.,用户名不能包含空格。
Value %(value)r is not a valid choice.,Der Wert %(value)r ist keine gültige Auswahl.,,El valor %(value)r no es una opción válida.,La valeur %(value)r n'est pas un choix valide.,Il valore %(value)r non è una scelta valida!,Значение %(value)r не является допустимым выбором.,值 %(value)r 不是一个有效的选择。
Value must be valid JSON.,Der Wert muss richtiges JSON sein!,,El valor debe ser un JSON válido.,La valeur doit être un JSON valide.,Il valore deve essere un JSON valido!,Значение должно быть действительным JSON!,值必须是有效的 JSON！
Wed,Mi,,,Mer.,Mer,Ср,星期三
Wednesday,Mittwoch,,Miércoles,Mercredi,Mercoledì,Среда,星期三
Welcome to StoneWalker,Willkommen bei StoneWalker,,¡Bienvenido a StoneWalker!,Bienvenue à StoneWalker,Benvenuto in StoneWalker,Добро пожаловать в StoneWalker,欢迎体验 StoneWalker
Welcome to StoneWalker!,Hallo bei StoneWalker!,,¡Bienvenido a StoneWalker!,Bienvenue à StoneWalker !,Benvenuto in StoneWalker!,Добро пожаловать в StoneWalker!,欢迎来到 StoneWalker！
Yes,Ja,,Sí,Oui,Sì,Да,是
You are a guest.,Du bist ein Gast.,,Has ingresado al sitio como invitado.,Vous êtes connecté en mode invité.,Sei un ospite.,Вы гость.,你目前的身份是访客。
You are successfully signed up!,"Juhu, du bist jetzt dabei!",You are successfully signed up!,¡Te has registrado con éxito!,Vous vous êtes inscrit avec succès !,Fantastico! Ti sei registrato con successo!,Вы успешно создали учётную запись!,您已成功注册！
You can not use this email address.,Sie können diese E-Mail-Adresse nicht verwenden.,"Sorry, that email won't work. Try a different one!",No puedes usar esta dirección de correo.,Vous ne pouvez pas utiliser cette adresse e-mail.,Questa email non si può usare. Scegline un'altra!,Вы не можете использовать этот адрес электронной почты.,你不能使用这个电子邮件地址。
You can not use this mail.,Diese E-Mail-Adresse geht leider nicht.,That email won't work. Got another one?,No puedes usar este correo.,Vous ne pouvez pas utiliser cet e-mail.,Questa email non funziona. Provane un'altra!,Вы не можете использовать эту почту.,你不能使用这个邮箱。
You entered an invalid email address or username.,,"Hmm, we can't find that email or name. Try again!",Has introducido un correo o nombre de usuario no válidos.,E-mail ou nom d'utilisateur incorrect.,Ops! L'email o il nome utente non sono giusti. Riprova!,Вы ввели неверный адрес электронной почты или имя пользователя.,您输入了无效的电子邮件地址或用户名。
You entered an invalid email address.,Sie haben eine ungültige E-Mail-Adresse eingegeben.,That email looks wonky! Double-check it for us.,Has introducido un correo electrónico no válido.,Adresse e-mail incorrecte.,Ehi! Questa email sembra un po' strana. Controllala bene!,Вы ввели неверный адрес электронной почты.,你输入了一个无效的邮箱地址。
You entered an invalid password.,Sie haben ein ungültiges Passwort eingegeben.,Oops! That secret code isn't right. Try again!,Has introducido una contraseña no válida.,Mot de passe incorrect.,Ops! La password non è corretta. Riprova!,Вы ввели неверный пароль.,您输入了无效的密码。
You entered an invalid username.,Sie haben einen ungültigen Benutzernamen eingegeben.,"Hmm, that name doesn't look right. Pick another awesome one!",Has introducido un nombre de usuario no válido.,Nom d'utilisateur incorrect.,Mmm... questo nome utente non va bene. Prova con un altro!,Вы ввели неверное имя пользователя.,您输入了无效的用户名。
You have successfully activated your account!,"Yeah, dein Konto ist jetzt aktiv!",You have successfully activated your account!,¡Has activado tu cuenta con éxito!,Vous avez activé votre compte avec succès !,Evviva! Hai attivato il tuo account con successo!,Вы успешно активировали свою учётную запись!,你已成功激活你的账号！
You have successfully changed your email!,"Juhu, deine E-Mail ist jetzt geändert!",,¡Has cambiado tu correo con éxito!,Vous avez changé votre e-mail avec succès !,Hai cambiato la tua email con successo!,Вы успешно изменили свою почту!,你成功修改了你的电子邮箱地址！
You should receive them shortly.,Die E-Mail kommt gleich an!,You should receive them shortly.,Deberías recibirlos pronto.,Vous devriez les recevoir bientôt.,Dovresti riceverle tra pochissimo!,Вы должны получить его в скором времени.,你应该很快就能收到邮件。
Youngest,Jüngster,,Más joven,Le plus jeune,Più Recente,Самый молодой,最新
Your password has been set. You may go ahead and log in now.,Dein Passwort ist fertig! Jetzt kannst du dich einloggen.,,Tu contraseña ha sido establecida. ¡Puedes iniciar sesión ahora!,Votre mot de passe est défini. Vous pouvez maintenant vous connecter.,La tua password è pronta! Ora puoi entrare!,Ваш пароль установлен. Теперь вы можете войти.,你的密码已经设置好。现在可以登录了。
Your password was changed.,,,Tu contraseña ha sido cambiada.,Votre mot de passe a été changé.,La tua password è stata cambiata!,Ваш пароль изменён.,你的密码已被更改。
Your username,Ihr Benutzername ist:,Your username,Tu nombre de usuario,Votre nom d'utilisateur,Il Tuo Nome Utente,Ваше имя пользователя,您的用户名
Your username has been successfully sent to your email.,Dein Benutzername ist in deiner E-Mail gelandet!,,Tu nombre de usuario ha sido enviado a tu correo.,Votre nom d'utilisateur a été envoyé à votre e-mail.,Il tuo nome utente è stato mandato alla tua email!,Ваше имя пользователя успешно отправлено на вашу почту.,你的用户名已成功发送到你的邮箱。
Your username is,,,Tu nombre de usuario es,Votre nom d'utilisateur est,Il tuo nome utente è,Ваше имя пользователя,你的用户名是
Your username is:,Dein Benutzername ist:,Your cool name is:,Tu nombre de usuario es:,Votre nom d'utilisateur est:,Il tuo nome utente è:,Ваше имя пользователя:,你的用户名是：
\\,,,,,\\,\\,\\
a.m.,vormittags,,Mañana,Matin,matt.,Утро,上午
and,und,,y,et,e,и,和
apr,apr,,abr,avril,apr,апр,四月
aug,aug,,ago,août,ago,авг,八月
close,,,,,chiudi,Закрыть,关闭
dec,dez,,dic,déc.,dic,дек,十二月
feb,feb,,feb,févr.,feb,фев,二月
jan,jan,,ene,janv.,gen,янв,一月
jul,jul,,jul,jui.,lug,июл,七月
jun,jun,,jun,juin,giu,июн,六月
mar,mär,,mar,mars,mar,март,三月
may,mai,,may,mai,mag,май,五月
midnight,Mitternacht,,Medianoche,Minuit,mezzanotte,Полночь,午夜
noon,Mittag,,Mediodía,Midi,mezzogiorno,Полдень,中午
nov,nov,,nov,nov.,nov,нояб,十一月
oct,okt,,oct,oct.,ott,окт,十月
or,oder,,o,ou,o,или,或
p.m.,nachmittags,,Tarde,Après-midi,pom.,Вечер,下午
sep,sep,,sep,sept.,set,сент,九月
"yes,no,maybe","Ja, Nein, Vielleicht",,"Sí, No, Tal vez","Oui, Non, Peut-être","sì, no, forse","Да, нет, может быть",是，否，也许
"%(path)s" does not exist,„%(path)s" gibt's nicht!,,"%(path)s" no existe.,"%(path)s" n'existe pas.,,"%(path)s" не существует.,"%(path)s" 不存在。
"%(pk)s" is not a valid value.,"%(pk)s" ist kein richtiger Wert!,"%(pk)s" is not a valid value.,"%(pk)s" no es un valor válido.,"%(pk)s" n'est pas une valeur valide.,"%(pk)s" is not a valid value.,"%(pk)s" не является допустимым значением.,"%(pk)s" 不是一个有效值。
"%(value)s" value must be either True or False.,Der Wert "%(value)s" muss entweder True oder False sein.,"%(value)s" value must be either True or False.,El valor "%(value)s" debe ser Verdadero o Falso.,La valeur "%(value)s" doit être Vrai ou Faux.,"%(value)s" value must be either True or False.,"%(value)s" должен быть либо Истина либо Ложь.,值 "%(value)s" 必须是真或假。
"%(value)s" value must be either True, False, or None.,"Der Wert "%(value)s" muss True, False oder nix sein!","%(value)s" value must be either True, False, or None.,El valor "%(value)s" debe ser Verdadero Falso o Nada.,La valeur "%(value)s" doit être Vrai Faux ou Rien.,"%(value)s" value must be either True, False, or None.,"%(value)s" должен быть Истина Ложь или Ничего.,值 "%(value)s" 必须是真、假或无。
Stone Found!,Stein gefunden!,,¡Piedra encontrada!,Pierre trouvée !,Sasso Trovato!,Камень найден!,石头找到了！
Stone Information,Stein-Informationen,,Información de la piedra,Informations sur la pierre,Informazioni del Sasso,Информация о камне,石头信息
Name:,Name:,,Nombre:,Nom :,Nome:,Имя:,名称：
Type:,Typ:,,Tipo:,Type :,Tipo:,Тип:,类型：
Description:,Beschreibung:,,Descripción:,Description :,Descrizione:,Описание:,描述：
Created by:,Erstellt von:,,Creado por:,Créé par :,Creato da:,Создан:,创建者：
Welcome to StoneWalker!,Willkommen bei StoneWalker!,,¡Bienvenido a StoneWalker!,Bienvenue à StoneWalker !,Benvenuto in StoneWalker!,Добро пожаловать в StoneWalker!,欢迎来到 StoneWalker！
This is your first stone! Here's how it works:,Das ist dein erster Stein! So funktioniert's:,,¡Este es tu primer piedra! Así funciona:,C'est votre première pierre ! Voici comment ça marche :,Questo è il tuo primo sasso! Ecco come funziona:,Это твой первый камень! Вот как это работает:,这是你的第一块石头！以下是它的工作原理：
You found a stone that someone else placed,Du hast einen Stein gefunden, den jemand anders hingelegt hat,,Encontraste una piedra que alguien más colocó,Tu as trouvé une pierre que quelqu'un d'autre a placée,Hai trovato un sasso che qualcun altro ha messo,Ты нашёл камень, который кто-то другой положил,你找到了一块别人放置的石头
Now you need to tell us where you found it,Jetzt musst du uns sagen, wo du ihn gefunden hast,,Ahora necesitas decirnos dónde lo encontraste,Maintenant tu dois nous dire où tu l'as trouvée,Ora devi dirci dove l'hai trovato,Теперь тебе нужно сказать нам, где ты его нашёл,现在你需要告诉我们你在哪里找到它的
If it's a hunted stone, you'll place it somewhere new next week,Wenn es ein gejagter Stein ist, legst du ihn nächste Woche woanders hin,,Si es una piedra cazada, la colocarás en un lugar nuevo la próxima semana,Si c'est une pierre chassée, tu la placeras ailleurs la semaine prochaine,Se è un sasso cacciato, lo metterai da qualche parte nuova la prossima settimana,Если это охотничий камень, ты положишь его в новое место на следующей неделе,如果这是一块被追捕的石头，你下周会把它放在新的地方
This creates a trail of stone movements around the world!,Das schafft eine Spur von Steinbewegungen um die Welt!,,¡Esto crea un rastro de movimientos de piedras alrededor del mundo!,Cela crée une piste de mouvements de pierres autour du monde !,Questo crea una scia di movimenti di sassi in tutto il mondo!,Это создаёт след каменных движений по всему миру!,这创造了石头在世界各地移动的轨迹！
Hunted Stone Found!,Gejagter Stein gefunden!,,¡Piedra cazada encontrada!,Pierre chassée trouvée !,Sasso Cacciato Trovato!,Охотничий камень найден!,被追捕的石头找到了！
Congratulations! Many others were probably looking for this stone. You've found it!,Glückwunsch! Viele andere haben wahrscheinlich nach diesem Stein gesucht. Du hast ihn gefunden!,,¡Felicidades! Muchos otros probablemente estaban buscando esta piedra. ¡La encontraste!,Félicitations ! Beaucoup d'autres cherchaient probablement cette pierre. Tu l'as trouvée !,Congratulazioni! Molti altri probabilmente stavano cercando questo sasso. L'hai trovato!,Поздравляем! Многие другие, вероятно, искали этот камень. Ты нашёл его!,恭喜！可能有很多其他人都在寻找这块石头。你找到了它！
Next week, you'll place it in a new location for others to find.,Nächste Woche legst du ihn an einem neuen Ort für andere zum Finden.,,La próxima semana, la colocarás en una nueva ubicación para que otros la encuentren.,La semaine prochaine, tu la placeras à un nouvel endroit pour que d'autres la trouvent.,La prossima settimana lo metterai in un posto nuovo per far sì che altri lo trovino.,На следующей неделе ты положишь его в новом месте для других.,下周，你会把它放在一个新的地方供其他人寻找。
Comment (optional),"Kommentar (kannst du, musst du aber nicht)",,Comentario (opcional),Commentaire (facultatif),Commento (facoltativo),Комментарий (не обязательно),评论（可选）
Tell us about your stone adventure...,Erzähl uns von deinem Stein-Abenteuer...,,Cuéntanos sobre tu aventura con la piedra...,Racontez-nous votre aventure avec la pierre...,Raccontaci della tua avventura con il sasso...,Расскажи о своём приключении с камнем...,告诉我们你的石头冒险故事……
Photo (optional),Foto (optional),,Foto (opcional),Photo (facultatif),Foto (facoltativo),Фото (не обязательно),照片（可选）
Where did you find this stone?,Wo hast du diesen Stein gefunden?,,¿Dónde encontraste esta piedra?,Où as-tu trouvé cette pierre ?,Dove hai trovato questo sasso?,Где ты нашёл этот камень?,你在哪里找到这块石头的？
Where will you place this stone next week?,Wo wirst du diesen Stein nächste Woche hinlegen?,,¿Dónde colocarás esta piedra la próxima semana?,Où placeras-tu cette pierre la semaine prochaine ?,Dove metterai questo sasso la prossima settimana?,Где ты положишь этот камень на следующей неделе?,你下周会把这块石头放在哪里？
Choose a new location where others can find it.,Wähle einen neuen Ort, wo andere ihn finden können.,,Elige una nueva ubicación donde otros puedan encontrarla.,Choisis un nouvel endroit où d'autres peuvent la trouver.,Scegli un posto nuovo dove altri possono trovarlo.,Выбери новое место, где другие смогут его найти.,选择一个其他人能找到它的新位置。
Submit Find,Fund melden,,Enviar hallazgo,Envoyer la trouvaille,Invia Trovamento,Отправить находку,提交发现
StoneWalker - A Global Stone Traveling Community,StoneWalker - Eine globale Stein-Reise-Community,,StoneWalker - Una Comunidad Global de Piedras Viajeras,StoneWalker - Une Communauté Mondiale de Pierres Voyageuses,StoneWalker - Una Comunità Globale di Sassi Viaggianti,StoneWalker - Глобальное сообщество путешествующих камней,StoneWalker - 全球石头旅行社区
Track the journeys of painted stones as they travel the world. Join the StoneWalker community!,Verfolge die Reisen bemalter Steine um die Welt. Schließe dich der StoneWalker-Community an!,,¡Sigue los viajes de las piedras pintadas mientras viajan por el mundo. ¡Únete a la comunidad StoneWalker!,Suivez les voyages des pierres peintes à travers le monde. Rejoignez la communauté StoneWalker !,Segui i viaggi dei sassi dipinti mentre viaggiano per il mondo. Unisciti alla comunità StoneWalker!,Отслеживай путешествия раскрашенных камней по миру. Присоединяйся к сообществу StoneWalker!,追踪彩绘石头在世界各地的旅程。加入 StoneWalker 社区！
Loading...,Laden...,,Cargando...,Chargement...,Caricamento...,Загрузка...,加载中...
Note: This is a static deployment on Netlify.,Hinweis: Dies ist eine statische Bereitstellung auf Netlify.,,Nota: Este es un despliegue estático en Netlify.,Note : Ceci est un déploiement statique sur Netlify.,Nota: Questo è un deployment statico su Netlify.,Примечание: Это статическое развертывание на Netlify.,注意：这是 Netlify 上的静态部署。
For full Django functionality, the backend needs to be deployed separately on a platform that supports Python/Django (like Heroku, Railway, or DigitalOcean).,Für vollständige Django-Funktionalität muss das Backend separat auf einer Plattform bereitgestellt werden, die Python/Django unterstützt (wie Heroku, Railway oder DigitalOcean).,,Para funcionalidad completa de Django, el backend debe desplegarse por separado en una plataforma que soporte Python/Django (como Heroku, Railway o DigitalOcean).,Pour une fonctionnalité Django complète, le backend doit être déployé séparément sur une plateforme qui prend en charge Python/Django (comme Heroku, Railway ou DigitalOcean).,Per la funzionalità completa di Django, il backend deve essere deployato separatamente su una piattaforma che supporti Python/Django (come Heroku, Railway o DigitalOcean).,Для полной функциональности Django бэкенд должен быть развернут отдельно на платформе, поддерживающей Python/Django (например, Heroku, Railway или DigitalOcean).,对于完整的 Django 功能，后端需要单独部署在支持 Python/Django 的平台上（如 Heroku、Railway 或 DigitalOcean）。
